{"cameraMode":{"drawMode":0,"name":"Shaded","section":"Shading Mode"},"sceneLighting":false,"audioPlay":false,"sceneViewState":{"m_AlwaysRefresh":false,"showFog":false,"showSkybox":false,"showFlares":true,"showImageEffects":true,"showParticleSystems":true,"showVisualEffectGraphs":true,"m_FxEnabled":true},"in2DMode":false,"pivot":{"x":2.1050000190734865,"y":1.1150000095367432,"z":-3.307814121246338},"rotation":{"x":0.00034650860470719635,"y":-0.9782770276069641,"z":0.0017779668560251594,"w":0.20785142481327058},"size":4.888118267059326,"orthographic":false}