{"cameraMode":{"drawMode":0,"name":"Shaded","section":"Shading Mode"},"sceneLighting":true,"audioPlay":false,"sceneViewState":{"m_AlwaysRefresh":false,"showFog":false,"showSkybox":true,"showFlares":true,"showImageEffects":true,"showParticleSystems":true,"showVisualEffectGraphs":true,"m_FxEnabled":true},"in2DMode":false,"pivot":{"x":0.44623634219169619,"y":2.3784494400024416,"z":1.6017155647277833},"rotation":{"x":0.002561311237514019,"y":0.9934244751930237,"z":-0.11254540830850601,"w":0.022655876353383066},"size":0.30781394243240359,"orthographic":false}