{"cameraMode":{"drawMode":0,"name":"Shaded","section":"Shading Mode"},"sceneLighting":true,"audioPlay":false,"sceneViewState":{"m_AlwaysRefresh":false,"showFog":false,"showSkybox":true,"showFlares":true,"showImageEffects":true,"showParticleSystems":true,"showVisualEffectGraphs":true,"m_FxEnabled":true},"in2DMode":false,"pivot":{"x":-0.6919999718666077,"y":2.1519999504089357,"z":1.6799999475479127},"rotation":{"x":0.025056345388293268,"y":-0.8966283798217773,"z":0.05116327106952667,"w":0.4391059875488281},"size":4.706180572509766,"orthographic":true}