{"cameraMode":{"drawMode":0,"name":"Shaded","section":"Shading Mode"},"sceneLighting":true,"audioPlay":false,"sceneViewState":{"m_AlwaysRefresh":false,"showFog":false,"showSkybox":true,"showFlares":true,"showImageEffects":true,"showParticleSystems":true,"showVisualEffectGraphs":true,"m_FxEnabled":true},"in2DMode":false,"pivot":{"x":0.7084347605705261,"y":2.6836633682250978,"z":0.36608439683914187},"rotation":{"x":-0.015749001875519754,"y":0.8914169073104858,"z":-0.031035903841257097,"w":-0.45191022753715517},"size":0.5916486382484436,"orthographic":false}