{"cameraMode":{"drawMode":0,"name":"Shaded","section":"Shading Mode"},"sceneLighting":false,"audioPlay":false,"sceneViewState":{"m_AlwaysRefresh":false,"showFog":false,"showSkybox":false,"showFlares":true,"showImageEffects":true,"showParticleSystems":true,"showVisualEffectGraphs":true,"m_FxEnabled":true},"in2DMode":false,"pivot":{"x":0.42450225353240969,"y":1.2410492897033692,"z":0.0815500020980835},"rotation":{"x":-0.0024980835150927307,"y":0.9940973520278931,"z":-0.10658405721187592,"w":-0.02325175143778324},"size":1.492186188697815,"orthographic":false}