{"cameraMode":{"drawMode":0,"name":"Shaded","section":"Shading Mode"},"sceneLighting":true,"audioPlay":false,"sceneViewState":{"m_AlwaysRefresh":false,"showFog":false,"showSkybox":true,"showFlares":true,"showImageEffects":true,"showParticleSystems":true,"showVisualEffectGraphs":true,"m_FxEnabled":true},"in2DMode":false,"pivot":{"x":344.1918640136719,"y":45.628658294677737,"z":168.9073944091797},"rotation":{"x":-0.04358680918812752,"y":0.5101099610328674,"z":0.025840599089860917,"w":0.8586583137512207},"size":214.62835693359376,"orthographic":false}