{"cameraMode":{"drawMode":0,"name":"Shaded","section":"Shading Mode"},"sceneLighting":true,"audioPlay":false,"sceneViewState":{"m_AlwaysRefresh":false,"showFog":false,"showSkybox":true,"showFlares":true,"showImageEffects":true,"showParticleSystems":true,"showVisualEffectGraphs":true,"m_FxEnabled":true},"in2DMode":false,"pivot":{"x":108.61026763916016,"y":-10.960848808288575,"z":370.4271545410156},"rotation":{"x":0.015091829001903534,"y":0.16478225588798524,"z":-0.0025711320340633394,"w":0.9862484931945801},"size":214.62835693359376,"orthographic":false}