{"cameraMode":{"drawMode":0,"name":"Shaded","section":"Shading Mode"},"sceneLighting":false,"audioPlay":false,"sceneViewState":{"m_AlwaysRefresh":false,"showFog":false,"showSkybox":false,"showFlares":true,"showImageEffects":true,"showParticleSystems":true,"showVisualEffectGraphs":true,"m_FxEnabled":true},"in2DMode":false,"pivot":{"x":-0.2823689579963684,"y":0.6041561961174011,"z":0.012560606002807618},"rotation":{"x":0.0015660733915865422,"y":0.9962103366851807,"z":-0.08538437634706497,"w":0.01825856789946556},"size":1.6271698474884034,"orthographic":false}